IMDB ID,Rating
tt7026230,7.4
tt0436629,7.9
tt0300195,6.8
tt0329374,6.6
tt2018111,7.6
tt0208185,6.4
tt5117670,6.6
tt0996605,7.2
tt7614404,8.1
tt2057931,7.4
tt4103724,6.4
tt7379330,7.5
tt5818010,7.5
tt2522908,7.3
tt7133554,7.5
tt7167602,7.2
tt5085924,6.1
tt6143568,6.1
tt2349677,7.4
tt5030452,6.4
tt6900092,6.9
tt6543420,8.2
tt5903088,6.9
tt7630164,6.2
tt4456850,6.1
tt1537196,6.6
tt5478478,7.3
tt4500922,6.5
tt1259528,7
tt6413410,6.4
tt0841046,6.8
tt0322330,6.2
tt6101820,7
tt2388986,6.6
tt2636806,6.5
tt0983213,7.7
tt5598102,8
tt6294822,7.2
tt6738046,6.2
tt6190198,6
tt5742374,7.1
tt3496892,6.3
tt6874964,8
tt2989350,6.4
tt0340012,7
tt2243900,6.1
tt7260048,6.4
tt5079382,6.7
tt0368709,6.4
tt0250371,6.5
tt2317088,7.8
tt1413492,6.7
tt1590193,6.3
tt6135042,6.8
tt0303361,6.7
tt7215388,6.8
tt6522634,6.7
tt8144778,7.1
tt6061074,6.1
tt5678110,6
tt5039242,6.1
tt5304464,6.9
tt5294966,7.4
tt6336356,6.8
tt5836316,6.8
tt5859238,7.4
tt5776858,7.7
tt4209788,7.5
tt6410564,6.8
tt1545985,6.3
tt0296042,7.1
tt5757738,6.7
tt5751998,6.6
tt1727497,6.3
tt5797164,7
tt5999530,6
tt6903636,6.1
tt5294550,6.9
tt6015328,6.9
tt4547194,6.5
tt5796838,6.1
tt5711148,6.8
tt1706598,6.1
tt0419491,7.1
tt3230162,6.8
tt2009432,6.7
tt2141623,6.1
tt1485796,7.8
tt3057572,7
tt4130484,6.1
tt3986978,7
tt4932154,7.3
tt5208216,6.3
tt3568002,7.1
tt4683668,8
tt7017474,7
tt4591310,6
tt6548966,7.5
tt1103963,7.1
tt1859650,6.3
tt3521442,6.8
tt6440810,7.2
tt4536540,6.6
tt1454523,7
tt1870529,6.4
tt1087578,8
tt2798920,7
tt0478044,6.4
tt5540188,6.9
tt2527336,7.4
tt5843990,7.6
tt2011311,6.3
tt7853242,7.2
tt5997928,7.3
tt7877382,6.5
tt5017936,6.6
tt4765284,6
tt1291566,6.8
tt2283362,7
tt0457430,8.2
tt7160070,7.4
tt0244479,7.3
tt2901736,7.3
tt0310793,8
tt4468740,8
tt6333054,8.1
tt7291268,7.1
tt6223974,8.1
tt6304162,7.7
tt6333060,8
tt5862312,6.2
tt5207262,6.3
tt3772612,7.5
tt4975280,7.1
tt2395417,7.4
tt1571409,6.8
tt0425458,7.6
tt1600524,7.2
tt5580036,7.6
tt3901826,7.6
tt7315526,6.2
tt4513316,6.6
tt4173170,7.3
tt5580390,7.5
tt3411444,6.7
tt4966532,6.2
tt5538568,6.2
tt0490166,7
tt1525915,6.3
tt1937149,7.6
tt6263642,6.1
tt4995790,7.4
tt7057496,7.2
tt5698496,7
tt1230168,6.3
tt4923200,6.4
tt5886440,6.6
tt5825380,6.2
tt3521126,7.6
tt6225520,7
tt4954522,7
tt4170344,7.2
tt5974460,6.6
tt5693136,6.8
tt2102508,7
tt6573444,6.9
tt6175670,6.5
tt4769824,7.9
tt4936450,7.4
tt5969696,7.2
tt4686844,7.2
tt7245176,6.7
tt6878820,6.6
tt7387408,6.9
tt6878038,7.9
tt7056732,7.1
tt7326248,7
tt5697870,6.1
tt5651050,8
tt4771932,7.2
tt8005338,6.5
tt3666024,7.5
tt3859272,6
tt5990474,7.3
tt5726616,8
tt6203570,7.3
tt5311514,8.4
tt5215486,7.6
tt4846232,7.3
tt6333086,6.5
tt6408226,6.4
tt4420704,7.7
tt5027774,8.2
tt4129428,6.5
tt2396589,7.5
tt4494718,6.3
tt2321405,7.8
tt5186714,7.8
tt5804038,7.8
tt4925292,7.5
tt4383288,6.7
tt2922590,6.2
tt6213284,6.7
tt4532818,6.5
tt0974015,6.7
tt5258306,6.4
tt4400994,6.2
tt1845804,7.1
tt5084170,6.8
tt7167630,6.8
tt4555426,7.4
tt5126922,6.8
tt5022626,6.6
tt3810760,6.7
tt5226984,6.9
tt6304046,7.1
tt2291540,6.4
tt5783956,6.4
tt4351548,7.1
tt5638642,6.3
tt6237612,6.1
tt2380307,8.5
tt3402236,6.6
tt7689226,6
tt1491616,6.2
tt5657846,6
tt5649144,7.6
tt3829920,7.7
tt5635086,7.7
tt2543472,8
tt1869347,6.3
tt6000478,6.4
tt5723286,6.4
tt7588790,6.2
tt3567200,6.6
tt5709762,7.5
tt5536736,7
tt5034266,6.9
tt7320560,8.2
tt1698654,7
tt5203824,7.9
tt6214928,6.3
tt5519340,6.4
tt3501632,7.9
tt1825918,7.5
tt2582498,6.1
tt4778988,6.3
tt4955566,6.1
tt5727282,7
tt3229488,6.8
tt6018306,6.9
tt5715874,7.1
tt7241484,6.3
tt5722234,7.2
tt2776878,6.5
tt6133130,7.1
tt1653665,7.1
tt7479144,7.3
tt3262342,7.9
tt5308322,6.5
tt1856101,8.1
tt4131800,6.2
tt1615160,7
tt5301662,7.2
tt4986134,6.6
tt5657856,7.2
tt4287434,7.3
tt5175450,6.4
tt4622512,6.8
tt4348012,6.3
tt5884230,6.5
tt5716464,7.1
tt6333056,7.5
tt1396484,7.5
tt2226597,6.4
tt5966990,7.2
tt3014284,6
tt3881784,7
tt5816682,6.8
tt5109784,6.7
tt1631707,6.6
tt5013056,8
tt3532216,7.2
tt6622186,6.7
tt5814592,6.7
tt5390504,7.4
tt4649466,6.8
tt4443658,6.5
tt4122118,6.5
tt4685428,6
tt6057032,7.1
tt4700190,6.1
tt4769430,6.4
tt0204137,6.6
tt0405676,6.2
tt1083448,6.5
tt6142314,6.1
tt2262315,6.3
tt4685554,6.7
tt1961175,6.2
tt0434124,7.1
tt5112578,6.6
tt4207112,7.4
tt0491203,6.2
tt2331047,6.2
tt5439796,7.1
tt1959563,6.9
tt2239822,6.5
tt6303866,6.5
tt6288250,6.6
tt4807830,6.9
tt4733640,6.3
tt4356480,6.2
tt5805752,7.4
tt5362988,7.8
tt2406566,6.7
tt4072326,7.1
tt2378507,7.1
tt3758172,6.7
tt5962210,6.7
tt3606752,6.8
tt1010271,6.1
tt4843046,6.4
tt4511200,6.7
tt3721954,7.7
tt4977530,6.6
tt1718924,6.5
tt3615204,6.2
tt3450958,7.5
tt5140878,6.6
tt4738174,6.7
tt3296908,6.4
tt5189894,6
tt3564472,6.3
tt4703048,6.2
tt2250912,7.5
tt2315582,6.2
tt6255746,6.4
tt3860916,7.4
tt5592248,6.4
tt4026034,7.2
tt3890160,7.7
tt4468634,6.4
tt1933667,6.8
tt3335606,6.3
tt3319212,6
tt4572792,6.5
tt3445580,6.3
tt5847286,6.4
tt6265828,6.9
tt1945228,6.4
tt3469046,6.3
tt2674454,6.4
tt3919322,6.9
tt2461340,6.7
tt1790809,6.6
tt5655222,6.5
tt5462602,7.6
tt5425264,6.2
tt5563330,6.6
tt0451279,7.5
tt4799064,6.3
tt4695012,6.2
tt4805316,6.1
tt6608386,6.8
tt5816374,6.6
tt4964772,6.3
tt2091256,6.2
tt1734493,6.2
tt4899370,7.1
tt4629266,7.2
tt4411596,6
tt4291600,6.9
tt0808526,6.4
tt6981046,7.7
tt4827986,6.3
tt4943322,6.8
tt3896198,7.7
tt4262980,6.7
tt4218696,6.2
tt4721124,6.8
tt6113488,6.1
tt1610525,6.5
tt2316204,6.5
tt3344680,7.1
tt4633690,7.3
tt5195412,6.4
tt1972591,6.8
tt2568862,6.6
tt3758708,6.4
tt4680182,6.2
tt5158522,6.4
tt2392830,6.6
tt1219827,6.4
tt4481414,7.6
tt3874544,6.3
tt1528312,6.4
tt2077886,8.8
tt0315642,7.2
tt4776998,6
tt4158096,6.4
tt5173032,6
tt2024521,6.9
tt5776208,6.3
tt1212428,6.6
tt4630562,6.7
tt1661275,6.8
tt2090465,6.1
tt4016942,7.3
tt3579524,7.3
tt2957760,6.2
tt3731562,6.7
tt0935075,7
tt4660736,6.5
tt0403702,6.5
tt0279111,6.3
tt1730768,7
tt3567194,6.4
tt3026488,6.4
tt3717490,6
tt3882074,7.5
tt0493405,6
tt3582020,6.5
tt1082807,6.1
tt5442430,6.6
tt3913244,6.5
tt5154288,6
tt2116900,6.4
tt6739646,7.4
tt4116284,7.3
tt4425200,7.5
tt1421377,8.6
tt0438315,7.3
tt5023260,6.6
tt1227183,6.2
tt4731136,6.4
tt5031332,7.3
tt2763304,7.3
tt4935372,6.4
tt3315342,8.1
tt4169250,7.8
tt2771200,7.2
tt5160928,6.3
tt2872518,6.3
tt1691916,6.4
tt0328538,6.8
tt6231792,6
tt5052448,7.7
tt2034800,6
tt1981107,7.1
tt0205873,7.2
tt3922818,6.4
tt2339703,7.1
tt3173594,6.2
tt5117222,7.1
tt1753383,6.9
tt1800302,6.7
tt4914580,7.2
tt4938484,6.8
tt4211044,6.2
tt4714782,6.2
tt3783958,8.1
tt4254584,6.3
tt3289956,6.8
tt2261287,6.8
tt6315800,7
tt4276820,7.2
tt4490762,7.7
tt4972582,7.3
tt1895315,7.1
tt3741834,8.1
tt4846340,7.8
tt5247022,7.4
tt3387266,6.8
tt3748528,7.8
tt4572514,7.4
tt4501244,6.2
tt0490215,7.2
tt4385888,7.4
tt3908142,6.2
tt2361317,6.4
tt3470600,7.1
tt4540710,7.5
tt4666726,6.9
tt2671706,7.2
tt1355644,7
tt3606888,7.4
tt3183660,7.4
tt4682786,6.8
tt5168192,7.9
tt1619029,6.7
tt5225338,6.1
tt3521164,7.6
tt1211837,7.5
tt4975722,7.4
tt3640424,7.1
tt4550098,7.5
tt3416532,7.5
tt4034228,7.8
tt2119532,8.2
tt0416675,6.1
tt3793788,6
tt1620935,6.8
tt1714917,7.2
tt1878870,7.4
tt3955894,6.2
tt2543164,7.9
tt5095510,7.1
tt0424205,7.8
tt2513074,6.3
tt3991412,6.3
tt0376479,6.1
tt2494376,7.1
tt4649416,6.1
tt1679335,6.5
tt1130969,6.2
tt3638396,7
tt2170427,6.1
tt3393786,6.1
tt4341582,7.4
tt4547056,6.7
tt3776826,6
tt5017060,7.1
tt2547584,7.2
tt4361050,6.1
tt3062096,6.2
tt3631112,6.5
tt6162808,8.1
tt5193784,6.1
tt1860357,7.2
tt2355871,6.8
tt2140479,7.4
tt4196450,6.4
tt4981636,6.1
tt5199588,6.6
tt2950418,7.2
tt4303340,6.2
tt4645330,6.6
tt3608930,6
tt5700672,7.5
tt3721936,7
tt5226436,7.1
tt3137630,6.3
tt3774114,7.3
tt4572820,7.6
tt3714720,6.5
tt2404435,6.9
tt5275828,7.1
tt1935859,6.7
tt3263904,7.5
tt4624424,6.8
tt4647900,7.1
tt4258698,6.4
tt1473832,6.6
tt1386697,6.1
tt3230660,6.4
tt4630444,6.3
tt4972062,6.8
tt3503406,6.2
tt3652862,6.2
tt2825230,6.4
tt3451230,6.5
tt4196776,6.6
tt1226766,6.5
tt2788732,6.7
tt3691740,6.4
tt4160708,7.1
tt1856057,6.6
tt2582782,7.6
tt4302938,7.8
tt6151810,6.5
tt3978720,6.6
tt2005151,7.1
tt2709768,6.5
tt5213534,7.9
tt3700804,6.5
tt1781827,6.6
tt1703957,6.5
tt4193394,6.8
tt2277860,7.3
tt2070717,7.4
tt4196848,7.6
tt1700841,6.2
tt4781612,6.5
tt4190530,7.2
tt2660888,7.1
tt4651520,6.2
tt4283962,7.1
tt3553976,7.9
tt3531824,6.6
tt4786282,6.3
tt0389053,6.3
tt3147312,6
tt3551954,6.9
tt1929449,7.4
tt3647498,6.4
tt5192278,6.1
tt1355631,7
tt2567026,6.2
tt2823054,6
tt4598848,6.2
tt4698684,7.9
tt4094724,6
tt4034354,7
tt5595168,6.8
tt0918940,6.3
tt2631580,6.3
tt1720619,6.5
tt1974419,6.2
tt1683048,7.4
tt2545118,8.1
tt2832470,6.9
tt3824344,6.9
tt5446858,7.8
tt4238858,6.7
tt2235542,7
tt1124037,6.9
tt1489889,6.3
tt4052882,6.3
tt4513674,6.6
tt0803096,6.9
tt3385516,7
tt3791216,7.3
tt4501454,6.3
tt3949660,6
tt1074929,6.3
tt4126438,6.1
tt1995390,6.2
tt3960412,6.7
tt4284010,7.6
tt4136084,6.9
tt2186848,6
tt3068194,6.4
tt3498820,7.8
tt3065204,7.4
tt3450900,6
tt3289728,6.1
tt3622120,7.1
tt0236784,6.1
tt3661298,6
tt0332375,6.8
tt3543258,6.2
tt0471030,6.8
tt3110958,6.5
tt2368619,6.3
tt0411270,7.3
tt0787524,7.2
tt2674426,7.4
tt3174376,6.2
tt2241351,6.5
tt5843946,6.1
tt3471098,6.2
tt3799694,7.4
tt3040964,7.5
tt0995868,7.2
tt1517471,6.2
tt0157583,6.4
tt2980210,6.1
tt2381991,6.1
tt1985949,6.3
tt2554274,6.5
tt4215810,6
tt3739614,7.9
tt0477095,6.7
tt3100274,6.2
tt2133196,6.9
tt4608402,6.8
tt3707114,7.5
tt3859304,6
tt4853102,6.5
tt4139124,6.3
tt2180529,6.5
tt0416320,7.7
tt1263670,7.3
tt0417415,6.5
tt2552394,6.3
tt3531578,6.2
tt3014866,6.3
tt3072482,6.7
tt1869235,7.1
tt3544112,8
tt3847390,6.7
tt0375154,6.8
tt2093991,6.4
tt1172049,7
tt0790770,6.4
tt2975590,6.6
tt1226271,7.6
tt4062536,7
tt2937696,7
tt0896798,6.1
tt0783233,7.8
tt3504604,6.8
tt0457513,6.7
tt1477715,7.3
tt0452694,7.1
tt5612702,6
tt0337563,6.1
tt0396752,6.6
tt2056771,6.4
tt3317208,6.1
tt3532278,6.8
tt3903852,6.2
tt5434972,7.4
tt0354595,6.2
tt2265171,8
tt4257926,7.1
tt0455538,6.4
tt3553442,6.6
tt3195644,6.1
tt1270286,7
tt4606514,7
tt2057392,7.3
tt4292554,6.5
tt3671542,7.3
tt4005402,7.1
tt2267968,7.1
tt3760922,6
tt1083452,7.4
tt2649554,6.6
tt1046997,6
tt1489167,6.5
tt2204080,6.7
tt0443676,7.1
tt0281322,6.2
tt0170691,7
tt1130080,6.5
tt1179933,7.2
tt3381008,6.2
tt3766394,6.6
tt2848324,6.1
tt0280707,7.3
tt1416801,7.1
tt1422020,7
tt1584016,7.1
tt1127715,7.6
tt4210080,6.4
tt0313792,6.4
tt4172430,7.3
tt2401878,7.3
tt2091935,6.3
tt0475290,6.3
tt2217859,6.6
tt4742670,6.5
tt0462499,7
tt0318819,6.7
tt2668134,6.5
tt1503769,7.8
tt2386404,6.4
tt2911666,7.3
tt2948356,8
tt1434435,6.3
tt0454776,7.5
tt3499096,7.1
tt2320087,6.9
tt1712261,6.3
tt1292566,6.1
tt2025690,6.8
tt0947802,6.1
tt1421051,6.3
tt1650043,6.6
tt0443559,6
tt0216651,7.7
tt0488604,6.1
tt3231054,6.3
tt4263482,6.8
tt0867334,6.5
tt5548284,6.1
tt1436568,6.2
tt0301199,7.4
tt0299977,7.9
tt1431045,8
tt3882082,6
tt4610774,6.7
tt4897822,7.6
tt3797868,6.6
tt4002772,6.3
tt1042877,7
tt1674785,7.2
tt2446980,6.6
tt0035423,6.4
tt1319694,6.5
tt3477554,6.3
tt3312868,7
tt2400463,6.7
tt2580382,6.4
tt3850590,6.2
tt4768764,7.1
tt1714206,7.1
tt0796375,6.5
tt0263757,6.1
tt0230512,7
tt1663202,8
tt3577624,6.8
tt1037218,6.8
tt0469623,7.2
tt1247640,6.5
tt2262161,6.5
tt1512240,6.2
tt0190332,7.9
tt5091548,7
tt3454574,6.4
tt5296936,7.5
tt0756618,6.2
tt2271563,6.3
tt2488496,8
tt3125472,7.3
tt0479647,6.9
tt4779496,6.7
tt1745787,7.1
tt3249478,6.4
tt0219965,6.5
tt0360130,6.7
tt0811128,6
tt2338424,6.2
tt5475710,6.2
tt4711762,6.7
tt1138489,6.3
tt2392672,6.9
tt1951266,6.5
tt3066630,6.2
tt3322364,7.1
tt1528854,6.1
tt3067274,6.1
tt0981227,6.7
tt1122614,7.2
tt5275844,7.4
tt0276816,6.2
tt0416508,7.1
tt3460252,7.8
tt1850457,6
tt2474958,6.1
tt2162709,6.6
tt0445953,6.6
tt1596363,7.8
tt5143700,6.1
tt0481390,6.2
tt0441774,6.5
tt3722070,6.7
tt1700844,6.3
tt5098836,7.8
tt0800240,6.1
tt2452042,7.1
tt1976009,6
tt3703908,6
tt1618448,8.3
tt0285742,7.1
tt2910904,7.1
tt0196229,6.6
tt1390411,6.9
tt1924394,7
tt2381111,7.5
tt2402927,7.2
tt0388139,7.4
tt3530002,6.4
tt0810819,7.1
tt3170832,8.2
tt2833768,6.9
tt0345061,6.2
tt4246854,6.3
tt5251438,6.5
tt2172935,7.2
tt4257858,8
tt0439815,6.5
tt3076658,7.6
tt2718440,6.1
tt3719896,7.2
tt1895587,8.1
tt3464902,7.1
tt1741273,6.3
tt0310281,7.3
tt5180998,7.2
tt0395584,6.9
tt0266643,7
tt1979388,6.7
tt3200980,6.6
tt0330793,6.5
tt4504040,6.4
tt3203606,7.5
tt2080374,7.2
tt3819668,7.4
tt2006295,6.9
tt0395251,6.4
tt1626645,8.5
tt4034452,6.5
tt3272570,7.3
tt1029234,7.1
tt4270516,6.7
tt0385726,7.2
tt3401748,6.4
tt2245003,6.8
tt1114680,7.1
tt2884018,6.7
tt3680410,7.2
tt1658801,6.5
tt2509902,6.6
tt1640718,7.1
tt3083008,6.5
tt0286499,6.7
tt3077214,6.9
tt0309377,6.4
tt1618442,6
tt4870838,6.8
tt1018765,6.1
tt1355683,6.9
tt2488778,6
tt2891174,7.1
tt1251757,6.6
tt0328828,6.3
tt0252866,6.4
tt3682448,7.6
tt2515030,6.5
tt0181984,7
tt3205394,7
tt0316396,6.9
tt2379713,6.8
tt3569230,7
tt3859076,6.8
tt1420554,7.8
tt4007502,6.9
tt3705412,6.3
tt2948840,6
tt0397501,6
tt1051904,6.3
tt3369806,6.8
tt2582502,7.1
tt2458106,6.2
tt3672840,6.1
tt2815030,6
tt0443465,6.8
tt0443473,6.1
tt0380389,6.7
tt1291570,6.4
tt1398426,7.9
tt3726704,6.6
tt3774466,6.4
tt4183692,6.5
tt2361509,7.1
tt3544082,7.1
tt1773764,8.1
tt0380599,6.9
tt2503944,6.6
tt3172532,6.9
tt0437405,6.6
tt3659388,8
tt3826150,6.7
tt3715320,6.6
tt2510894,6.7
tt1969062,7
tt3165612,6.5
tt1727776,6.3
tt3397884,7.6
tt3488710,7.3
tt3567288,6.2
tt3916100,6.3
tt2719848,7.1
tt1178665,6.3
tt3054798,6.4
tt1183665,6.7
tt0179626,6.1
tt1528071,6.5
tt0289992,7.6
tt1596345,7
tt3276924,6.1
tt3787590,6.2
tt1525890,6.1
tt3833822,7.3
tt0371246,6.4
tt1365050,7.8
tt2023690,6.5
tt3726252,8
tt2494362,7.1
tt3832914,6.4
tt2872462,6.7
tt1828976,6.6
tt3203290,8
tt3593046,6
tt2385115,7.6
tt0435670,6.3
tt1727770,6
tt2385006,7.3
tt0125022,6.2
tt2626090,6.7
tt1483324,6.5
tt0274558,7.6
tt3774694,6
tt1754656,7.8
tt2870648,7.8
tt2349144,6.4
tt3518012,7.6
tt4046784,6.3
tt0478970,7.3
tt0420293,6.9
tt4425064,6.9
tt2637276,6.3
tt3312830,7.3
tt3501416,7.3
tt0828065,6.4
tt4145178,8.2
tt2545428,7.7
tt5065822,6.4
tt3316948,6.1
tt3824458,7.1
tt3416744,7.3
tt3168230,6.9
tt3152624,6.2
tt1781922,6.8
tt4178092,7.1
tt2293640,6.4
tt1524930,6.1
tt1638355,7.3
tt2140379,6.5
tt1518191,6.2
tt2319580,7
tt3074694,6.1
tt4187662,6.7
tt2118624,6.6
tt2395427,7.4
tt1674771,6.6
tt3813310,6.3
tt1964418,6.5
tt2582496,7.8
tt2385195,6.5
tt0369610,7
tt2126355,6.1
tt1340138,6.5
tt2440214,7.5
tt1798684,7.4
tt4943594,6.9
tt0268380,7.5
tt1014763,6.5
tt1810683,7.4
tt2381249,7.4
tt1598642,6
tt0325805,7.3
tt1492959,6.7
tt0423169,6.6
tt0266915,6.6
tt2096673,8.2
tt1198101,6.1
tt2249221,6.7
tt1156398,7.7
tt0443706,7.7
tt1790885,7.4
tt0406375,6.2
tt1007028,6.6
tt0481797,6.3
tt1198156,7.4
tt1853739,6.5
tt1742336,6.7
tt1625346,6.3
tt0289635,6.5
tt1068680,6.8
tt0290334,7.5
tt0376994,6.7
tt0458525,6.6
tt1270798,7.8
tt1877832,8
tt0120903,7.4
tt2535470,6.3
tt0295700,6.1
tt2166616,6
tt1901040,6.3
tt1772341,7.7
tt1262981,6.9
tt0816711,7
tt0469641,6
tt2380331,6.6
tt1186373,7.4
tt1216520,6.4
tt2404425,7.3
tt0416315,6.3
tt2004432,6.1
tt2870708,6.7
tt1837709,6.2
tt1399683,7.2
tt1449283,7.2
tt0245562,6
tt1606392,7.2
tt0360201,6.3
tt1024255,6.1
tt2305051,7.1
tt3326366,6.8
tt2334879,6.4
tt2238050,6.4
tt1791682,6.3
tt0386117,6.8
tt2247476,6.7
tt0770703,6.1
tt0207201,6.4
tt3416742,7.6
tt2725962,6.9
tt2092011,6.3
tt1932767,7.5
tt1486834,6.8
tt1033643,6.1
tt0298228,7.6
tt0243655,6.7
tt1723121,7
tt1152850,7.1
tt1684233,6.1
tt1714210,7.7
tt0396269,7
tt0277434,7.2
tt3157224,6
tt0498399,6.9
tt1242460,7.5
tt1389137,7.1
tt0758794,7.1
tt1067583,6.9
tt0409459,7.6
tt1647483,6
tt1291584,8.2
tt1588173,6.9
tt0407304,6.5
tt1568911,7.2
tt0499556,6.3
tt0493464,6.7
tt0910970,8.4
tt1027718,6.2
tt0351977,6.2
tt2463288,6
tt0348333,6.8
tt1634136,6.1
tt2450186,6.1
tt1931602,6
tt2771372,6.8
tt0443274,6.6
tt0259711,6.9
tt0283111,6.4
tt0338526,6.1
tt0985699,7.1
tt0862467,6
tt0452702,6.2
tt0434409,8.2
tt2084989,6.7
tt1374992,6.4
tt1193138,7.4
tt1049413,8.3
tt0880578,6.2
tt0914863,7.1
tt0477080,6.8
tt0342258,7
tt1401152,6.9
tt0475276,7.6
tt1047011,7
tt0250797,6.7
tt1156466,7.5
tt0834001,6.6
tt0401855,6.7
tt1496025,6.4
tt0320691,7
tt0328589,6.8
tt1441395,6.3
tt2966934,6.5
tt1860355,7.8
tt1809398,7.2
tt0217869,7.2
tt0141926,6.6
tt1204340,7.6
tt2140619,6.4
tt0417217,6.2
tt1396226,7.4
tt2904608,6.6
tt1860353,6.5
tt1465522,7.6
tt1698010,8
tt2273657,6.3
tt1403865,7.6
tt0332452,7.2
tt2083383,6.8
tt0942385,7
tt1104001,6.8
tt1836987,6
tt1232838,6
tt0862856,6.8
tt1187064,6.9
tt0133240,7.1
tt0800241,6.7
tt1129442,6.1
tt0388482,6.3
tt1055369,6
tt1399103,6.3
tt0418279,7.1
tt2209764,6.3
tt0988047,7
tt0139654,7.7
tt0181865,7.6
tt2167266,7.2
tt2608732,7.6
tt0435761,8.3
tt0471042,6.2
tt0379557,8.1
tt1386703,6.3
tt2784678,6.4
tt1456941,6.2
tt0808508,6.6
tt0453556,6.3
tt1340800,7.1
tt1216516,6.8
tt3120408,7.3
tt1216515,7
tt0823671,6.9
tt3089388,7.8
tt2669336,6.5
tt3148834,6.3
tt2597718,6
tt1610518,6.8
tt1659253,6.6
tt1981115,7
tt0800369,7
tt1440345,6.7
tt1596350,6.3
tt1371150,6.6
tt1245492,6.6
tt0480025,7.7
tt1758830,6.2
tt2343793,6.4
tt1621045,6.6
tt2268458,6.7
tt1273222,7.6
tt0469494,8.1
tt2333804,6.1
tt1125849,7.9
tt1213663,7
tt1840417,7.1
tt1596365,6.4
tt1714208,6.1
tt1430132,6.7
tt0993846,8.2
tt0896872,7.2
tt1498878,6.6
tt0884732,6.7
tt0384680,6.6
tt1727388,7.4
tt1023114,7.3
tt2866296,6.5
tt0760329,6.5
tt3007512,7.1
tt1032751,6.3
tt1082886,7
tt1606389,6.8
tt1567437,6.4
tt0301976,7.1
tt0815245,6.4
tt1142988,6.5
tt1976000,6.2
tt1838520,6
tt1295072,6.8
tt2967006,6.6
tt1323973,6.3
tt0478304,6.8
tt0293662,6.8
tt0840361,7.6
tt0905372,6.2
tt2980516,7.7
tt0362227,7.3
tt0420238,6.1
tt1111422,6.4
tt3387648,6
tt0889573,6.1
tt0857190,6.1
tt1510938,7.4
tt0164184,6.4
tt0482606,6.2
tt2279373,6
tt0963966,6.1
tt1285016,7.7
tt1680114,6.6
tt1571249,6.8
tt0397101,6.5
tt2910814,6.1
tt2304426,7.3
tt1568921,7.6
tt0359950,7.3
tt2555736,6.6
tt1555093,6.1
tt0227445,6.8
tt1673697,7.1
tt2720680,6.7
tt0327850,6.7
tt0376136,6.2
tt0265666,7.6
tt2345737,6.4
tt1031969,6.2
tt0898367,7.3
tt1161864,6
tt2717860,6
tt0298130,7.1
tt2286990,6.1
tt2509850,6.2
tt2635006,6.6
tt0191397,6.5
tt0292506,6.6
tt1205535,6.3
tt0976051,7.6
tt1486192,6.4
tt2058107,7.1
tt1899353,7.6
tt0454921,8
tt2975578,6.5
tt1041829,6.7
tt0780521,7.1
tt0482571,8.5
tt0338348,6.6
tt1817273,7.3
tt1430626,6.7
tt2483260,6.6
tt0253474,8.5
tt2101473,7.2
tt0293508,7.3
tt1659337,8
tt0177971,6.4
tt1334553,6.8
tt0187393,7.2
tt0335345,7.2
tt0230600,7.6
tt2203939,6
tt1386588,6.7
tt0467200,6.7
tt2756032,7.1
tt1462769,6.6
tt0481369,6.4
tt2402157,6.3
tt0332280,7.9
tt1684226,7.9
tt1458175,7.4
tt0402399,6.7
tt1174042,6.3
tt1204342,7.1
tt0209163,6.3
tt2130270,6.3
tt1559036,6
tt2177771,6.1
tt0884328,7.2
tt0790712,7.1
tt1234548,6.2
tt0472399,6.6
tt1790864,6.8
tt0242653,6.7
tt0234215,7.2
tt1560747,7.1
tt1977953,6.2
tt1527788,7.8
tt0756683,7.9
tt0268995,6.9
tt1107860,6.1
tt1839654,7
tt0361862,7.7
tt2317225,6.1
tt1327194,6.5
tt0380510,6.7
tt0480255,6.4
tt0167261,8.7
tt0167260,8.9
tt0120737,8.8
tt1482459,6.4
tt0427470,7.1
tt1951216,6
tt0398165,6.4
tt2726560,7.1
tt1210819,6.5
tt1850397,6.3
tt2785032,7.1
tt0318403,6.6
tt1189340,7.3
tt0362270,7.3
tt1490017,7.8
tt1641638,7.1
tt1535970,6.6
tt0464041,6.2
tt1549920,6.4
tt0325710,7.7
tt1692928,8.3
tt0455590,7.7
tt0410297,6.8
tt1504320,8
tt2179116,7.2
tt0431197,7.1
tt0842926,7
tt1155076,6.2
tt1872194,7.4
tt0366627,7.1
tt0317740,7
tt0399201,6.9
tt1007029,6.4
tt1700845,6.2
tt1058017,6.4
tt2788710,6.6
tt0373926,6.4
tt2234155,6.3
tt0963178,6.5
tt2113075,7.5
tt0317705,8
tt0800080,6.8
tt1716772,6.8
tt3097204,6.4
tt1966604,7.5
tt1649419,7.6
tt1951181,6.6
tt2084970,8
tt0443543,7.6
tt1124035,7.1
tt1491044,6.9
tt0887912,7.6
tt1703148,6.8
tt1951265,6.7
tt1951264,7.5
tt1392170,7.2
tt2980648,7.3
tt2398231,6.6
tt0457939,6.9
tt1170358,7.9
tt2310332,7.4
tt0903624,7.9
tt0371724,6.8
tt0454841,6.4
tt1454029,8.1
tt2404463,6.6
tt2543336,6.1
tt0280490,6
tt1411697,6.5
tt1119646,7.7
tt2980592,6.7
tt0406816,6.9
tt1601913,6.8
tt0388980,7.5
tt0326905,6.7
tt1343092,7.3
tt0427309,7.6
tt0460810,6.5
tt2278388,8.1
tt0343737,6.7
tt2652092,7.4
tt0385752,6.1
tt0435651,6.5
tt1568346,7.8
tt0265208,6.7
tt0219699,6.7
tt1769363,6.7
tt1139328,7.2
tt2039393,6
tt2005374,6.4
tt0414993,7.3
tt0865556,6.6
tt3532608,7.2
tt1410063,7.6
tt1195478,6.2
tt2331880,6.3
tt1763303,6.9
tt2318701,6.5
tt0964517,7.8
tt1837703,6.2
tt2582846,7.8
tt0463985,6
tt0232500,6.7
tt0218967,6.7
tt2404311,6.3
tt0460791,7.9
tt1839642,6.2
tt2333784,6.1
tt1320253,6.5
tt1764651,6.6
tt0404032,6.7
tt0455944,7.2
tt1650535,6.2
tt2209792,6.3
tt1869716,6.8
tt1034389,6.2
tt2570858,6.6
tt1666801,6.5
tt0864761,6.9
tt1600196,7.1
tt0309987,7.2
tt1825157,6.5
tt0348593,6.7
tt3729920,6.3
tt1531924,6.9
tt3720788,7
tt1645170,6.4
tt2401715,6.1
tt1270262,7.1
tt0458352,6.9
tt1433207,6.2
tt0435625,7.2
tt1033575,7.3
tt0407887,8.5
tt0250323,6.7
tt1226753,6.9
tt0319262,6.4
tt1345836,8.4
tt0468569,9
tt0382625,6.6
tt0421715,7.8
tt0481499,7.2
tt0455407,6.5
tt0245844,7.8
tt0387131,7.4
tt0968264,6.9
tt1457767,7.5
tt1821641,6.5
tt1381404,6.4
tt1079959,7.1
tt0844479,6.4
tt1748227,6.1
tt3311384,8.1
tt0296572,6.7
tt0980970,6.3
tt0363771,6.9
tt0499448,6.5
tt2739338,6.2
tt1488555,6.3
tt2421662,7.3
tt1790886,6.1
tt1911644,6.7
tt1259521,7
tt0289879,7.7
tt1322333,6.2
tt0825232,7.4
tt0844286,6.8
tt2391073,6.6
tt0914798,7.8
tt0787474,6.8
tt0440963,8
tt0372183,7.8
tt1194173,6.7
tt0258463,7.9
tt1300851,6.3
tt0816442,7.6
tt2262227,7.3
tt1037705,6.9
tt0878804,7.7
tt0865297,7.3
tt1053810,6.2
tt0402850,6.4
tt1924396,7.8
tt2083355,6.7
tt1412386,7.3
tt1321860,6.7
tt0163978,6.6
tt2272350,6.4
tt0200465,7.3
tt2573858,6.1
tt2321549,6.8
tt1687901,6.5
tt0338751,7.5
tt0848228,8.1
tt1655442,7.9
tt2172985,6.3
tt1645080,6.6
tt1638364,7.3
tt0328832,7.4
tt0384806,6
tt1440728,6.3
tt0948470,7
tt1872181,6.7
tt0983193,7.4
tt1385826,7.1
tt0429493,6.8
tt2089826,7.3
tt0405422,7.1
tt1606180,7.1
tt1800246,6.2
tt0427944,7.6
tt1441953,7.3
tt0438488,6.6
tt0181852,6.3
tt1637725,7
tt0398286,7.8
tt0415306,6.6
tt0364045,6.2
tt1135084,6.2
tt2446042,6
tt0936501,7.8
tt1397280,6.3
tt1675192,7.4
tt0810922,6.3
tt0365737,6.9
tt0383028,7.5
tt0244244,6.5
tt0408236,7.4
tt0257076,6
tt0986263,6.3
tt0423294,6.7
tt3074780,7.4
tt0934706,7
tt1673430,7.2
tt2224455,7.1
tt2617456,6.7
tt0348150,6.1
tt0829482,7.6
tt0247745,7.1
tt1650062,7
tt1512235,6.8
tt0448134,7.3
tt0978764,6.1
tt1440292,7.3
tt2205697,7.3
tt2494280,6.5
tt0421073,6.8
tt0420223,7.6
tt1754546,6.5
tt3020226,6.4
tt1772264,6.8
tt1682180,6.8
tt2073086,7.4
tt3316960,7.5
tt1800741,6.5
tt2626350,6
tt1193631,6.2
tt0462590,6.5
tt1023481,6.3
tt0838283,6.9
tt0371257,6.9
tt0473705,7.1
tt0335438,6.1
tt2567712,7.4
tt2035630,6.8
tt0486655,7.7
tt0121766,7.6
tt0121765,6.6
tt0253754,6.4
tt1408101,7.8
tt0796366,8
tt1389096,6.5
tt1464580,6.5
tt2170593,7.3
tt0266987,7.1
tt3121562,6
tt1059969,6.7
tt2262270,6.3
tt2513616,7.3
tt3395184,6.7
tt0166813,7.1
tt0413300,6.2
tt0145487,7.3
tt0316654,7.3
tt0811080,6
tt0378793,7.4
tt3233418,7.3
tt0186566,6.4
tt0945513,7.5
tt1596346,7.1
tt3636326,6.9
tt0204640,6.8
tt1865505,8.1
tt2452200,6.5
tt1568341,6.3
tt0970452,6.1
tt1706620,7
tt1735898,6.1
tt0882977,6.5
tt0208092,8.3
tt0475394,6.7
tt2063781,6.8
tt2310109,6
tt1010048,8
tt3205376,6.9
tt1074638,7.8
tt0405325,6.2
tt0346156,6.1
tt0353014,6.8
tt1922777,6.8
tt0458481,6.5
tt0401792,8
tt1045658,7.8
tt0384537,6.6
tt0286106,6.7
tt0375063,7.5
tt2053463,7.1
tt1130884,8.1
tt0413267,6
tt3070936,7.1
tt0892791,6.3
tt0126029,7.9
tt0298148,7.2
tt2370248,8
tt0822854,7.2
tt0465602,6.7
tt0815236,6.4
tt1515091,7.5
tt0988045,7.6
tt2872750,7.4
tt0365748,8
tt0300471,6.2
tt1092634,6.4
tt1723811,7.2
tt0358135,6.1
tt1770734,6.2
tt0203119,7.3
tt1135985,6.5
tt1931533,7.2
tt0814314,7.6
tt3149640,7.1
tt0379786,7.9
tt0240890,6.9
tt0479537,6.7
tt1020072,7.5
tt1214962,6.2
tt1307068,6.7
tt2402179,6.7
tt0363988,6.6
tt1217213,7.2
tt1262416,6.2
tt0446029,7.5
tt2337576,6.4
tt0332379,7.1
tt2012011,6.5
tt0175142,6.2
tt1233227,6
tt0489270,6.2
tt0432348,6.6
tt0387564,7.6
tt2140373,7.5
tt1797487,6
tt1615065,6.5
tt0944835,6.4
tt1441952,6.8
tt0318649,6
tt1862079,7
tt1599348,6.8
tt1702439,6.7
tt1656190,6.5
tt1536437,6.2
tt0293564,6.2
tt1979320,8.1
tt0404390,7.4
tt0425413,6.6
tt2199571,6.6
tt1798243,7.5
tt1839492,7.2
tt2752688,6.6
tt2085910,6.2
tt0165929,6.1
tt2079571,7.2
tt0430922,6.9
tt0299117,7
tt0479143,7.2
tt1032755,7.3
tt0202470,6.2
tt0358082,6.3
tt1990314,7.1
tt1234721,6.2
tt0955308,6.7
tt2481480,6.3
tt0215129,6.5
tt0257044,7.7
tt2386285,6.1
tt1318514,7.6
tt1446192,7.3
tt0901507,6.9
tt1436562,6.9
tt2357291,6.3
tt1034331,6
tt1408253,6.2
tt1411250,6.4
tt2401223,7.3
tt0365686,6.5
tt0959337,7.3
tt1498569,6.8
tt1977895,6.2
tt0432021,6.3
tt1174954,6.6
tt1753496,6.6
tt0318627,6.2
tt0120804,6.7
tt0462504,7.3
tt0180093,8.3
tt1053424,6.3
tt0210945,7.8
tt1403981,7.2
tt0253556,6.2
tt2275946,6.7
tt0873886,6.2
tt1259574,7.1
tt1748179,6.2
tt0289765,7.2
tt0803061,7.5
tt3264102,7.6
tt1245526,7.1
tt1821694,6.7
tt0433035,7.1
tt0350258,7.7
tt0382932,8
tt1192628,7.2
tt3448226,6.2
tt2412568,6.7
tt1441951,6.8
tt1082868,6
tt0830515,6.6
tt0448694,6.7
tt0465580,6.1
tt0444648,6
tt0450314,6
tt1582248,6.9
tt0272338,7.3
tt3265262,7.3
tt1152836,7
tt0431308,7.1
tt0377107,6.8
tt2091473,6.6
tt1446714,7
tt1636826,6.7
tt2436386,6.4
tt1392214,8.1
tt0473075,6.6
tt0387514,6.2
tt0414387,7.8
tt0482572,6.7
tt3169706,7.8
tt1547234,6.5
tt2397535,7.5
tt1424381,6.4
tt1032819,6.3
tt0458455,6.7
tt2403931,7.4
tt2548208,6.3
tt2139555,6
tt2556874,6
tt1077258,7.1
tt2980706,6
tt1981677,7.2
tt2848292,6.4
tt0134847,7.1
tt0325980,8
tt1298650,6.6
tt0383574,7.3
tt0449088,7.1
tt1131729,7.4
tt0910936,7
tt0183649,7.1
tt2431286,7.6
tt0396171,7.5
tt1439572,7.1
tt1716777,7.1
tt1911658,6.7
tt0213149,6.1
tt0338337,6.3
tt1385956,7.4
tt2345112,6.4
tt1904996,6.2
tt1047540,6
tt1623288,7
tt1179904,6.3
tt3622592,6.3
tt2006810,6.1
tt1188729,6.8
tt2479800,6.2
tt1980209,6.4
tt0259484,7.1
tt1109624,7.2
tt1663662,6.9
tt1623205,6.3
tt0462465,6.3
tt0313443,6.5
tt1206543,6.8
tt1148204,7
tt0218922,6
tt0160611,6.4
tt0400717,6.2
tt0316356,7.5
tt2071550,6.3
tt1714915,7.3
tt1762300,7.9
tt0265459,6.8
tt1563738,7
tt1196956,6.8
tt0285823,6.4
tt0907657,7.9
tt0337692,6.1
tt2302755,6.5
tt0302886,7.1
tt0468526,6.7
tt1821427,6.4
tt2388715,6.5
tt0349903,6.5
tt0496806,6.9
tt0240772,7.8
tt2910274,6.8
tt1483013,7
tt0190590,7.8
tt2382009,6.7
tt1670345,7.3
tt0472198,6.7
tt1073241,7.2
tt1837613,6.4
tt2024469,7
tt1411238,6.2
tt0477348,8.1
tt1815852,6.7
tt1186367,6.4
tt0410377,6
tt2872718,7.9
tt1654523,6.8
tt2043933,6
tt2692250,6.2
tt0477347,6.4
tt0195945,6.1
tt0435705,6.2
tt1334260,7.2
tt1023111,6.6
tt2004420,6.3
tt2369135,6.5
tt1821549,7.7
tt0465234,6.5
tt0368891,6.9
tt0272207,7.2
tt0374900,6.9
tt3478232,6
tt0327056,8
tt2236054,6.5
tt1655420,7
tt1078588,7.4
tt2908856,6.4
tt2908228,6.1
tt0259446,6.6
tt0758766,6.5
tt1790825,6.7
tt2281587,6.4
tt0408306,7.6
tt0166924,8
tt1935179,7.4
tt2094064,7.2
tt2473794,6.8
tt1396218,6
tt0864835,6.8
tt0485947,7.9
tt0356910,6.5
tt0883391,6.7
tt0780571,7.3
tt0453451,6.4
tt0203009,7.6
tt2094890,6.3
tt1121977,7.2
tt1126618,6.5
tt1748122,7.8
tt1182345,7.9
tt0892782,6.5
tt1453405,7.3
tt0198781,8.1
tt0385880,6.6
tt4137924,6
tt0340855,7.3
tt1210166,7.6
tt2388705,6.3
tt0317919,6.9
tt0120755,6.1
tt1229238,7.4
tt0790686,6.2
tt0349825,7.5
tt0181689,7.7
tt0297284,6.4
tt0405159,8.1
tt1647668,7
tt1013753,7.6
tt1605783,7.7
tt0371823,6.4
tt0465538,7.3
tt0985058,6.3
tt0387412,7.5
tt0203019,7.2
tt0120912,6.1
tt1409024,6.8
tt0397535,7.4
tt0209144,8.5
tt1527186,7.1
tt1001526,7.3
tt0396555,6.9
tt0212338,7
tt0290002,6.3
tt0377092,7
tt0183505,6.6
tt2097298,7.4
tt3336368,6
tt0311113,7.4
tt0978762,8.1
tt3659786,7.9
tt1441326,6.9
tt0822832,7.1
tt1183919,8
tt2073029,7.9
tt1615147,7.1
tt0466893,6.5
tt2172584,6.2
tt3852066,6
tt2103217,6.1
tt2304771,7.1
tt0328107,7.7
tt1568338,6.6
tt0770828,7.1
tt0795421,6.4
tt2023587,6.2
tt1587310,7
tt1915581,6.1
tt2870756,6.6
tt0479952,6.7
tt1277953,6.9
tt0351283,6.9
tt1392190,8.1
tt1586752,6.8
tt0985694,6.6
tt2872732,6.4
tt1885299,6.1
tt0425210,7.8
tt1426329,6.2
tt1638002,7.2
tt0758752,6.7
tt0903657,7.4
tt2639344,6.7
tt0199725,7.2
tt2460976,6.5
tt0314331,7.6
tt0335266,7.8
tt0399295,7.6
tt1568337,6.2
tt1276104,7.4
tt1091191,7.5
tt1213648,6.2
tt1592525,6.1
tt2692904,7.1
tt0472126,7
tt0337978,7.2
tt0449059,7.8
tt0443272,7.4
tt1219289,7.4
tt2560102,7.2
tt0275847,7.2
tt1758692,6.7
tt2132374,6.3
tt0454876,7.9
tt2708254,6.9
tt1687247,7.7
tt1055292,6.6
tt0409681,6.4
tt1872818,6.7
tt2332522,6.5
tt0892318,6.6
tt1924435,6.5
tt1228987,7.1
tt1707386,7.6
tt0339291,6.8
tt1219342,7
tt0250494,6.2
tt1327773,7.2
tt3288290,7.8
tt1216492,6.5
tt2392326,6.3
tt0375912,7.4
tt1212450,7.3
tt1197624,7.4
tt2420756,6
tt1204975,6.6
tt1838603,6.8
tt2493486,6.2
tt0805564,7.4
tt1583420,6.1
tt2034031,6.4
tt0349710,6.5
tt1967545,6.9
tt4229236,7.5
tt0441773,7.6
tt1302011,7.3
tt0373074,7.8
tt3263614,6.6
tt0448011,6.2
tt0478311,7
tt1013743,6.3
tt0264761,6.6
tt0373469,7.6
tt2802144,7.7
tt0320661,7.2
tt0360717,7.2
tt0349683,6.3
tt1764234,6.2
tt1726669,6.7
tt1448755,6.5
tt1311071,6.5
tt1216491,7
tt1788391,6.4
tt0378194,8
tt0266697,8.1
tt2917388,6.1
tt0780548,6.4
tt1250777,7.6
tt1650554,6.6
tt0272152,7.4
tt0267626,6.7
tt3060952,7.3
tt0902272,7
tt2027128,7.5
tt1564367,6.4
tt0433400,6.2
tt2980472,6.4
tt0467406,7.5
tt0489099,6.1
tt1135503,7
tt0206314,6.6
tt1634122,6.3
tt0274166,6.2
tt2400555,7.8
tt0251160,7.1
tt1418754,6.6
tt0401729,6.6
tt2382396,6.9
tt1935156,8.1
tt3110960,6.7
tt1742044,6.8
tt1588334,6.5
tt0263488,6.1
tt0261392,6.9
tt0418763,7
tt1229822,7.4
tt1673734,6.3
tt3766424,6.4
tt3063516,6.5
tt1753968,6.8
tt1351685,6.3
tt1205537,6.2
tt0790724,7
tt1616195,6.6
tt0804497,7.1
tt1230414,6.6
tt3235888,6.9
tt1233301,6.2
tt1300854,7.2
tt0371746,7.9
tt1228705,7
tt1220719,8
tt1386932,7.6
tt0445990,7.1
tt1057500,7.4
tt2180411,6
tt0758758,8.1
tt2673812,7.1
tt2061712,6.3
tt0816692,8.6
tt2908446,6.2
tt0278504,7.2
tt2226417,6.6
tt1591095,6.8
tt0454848,7.6
tt2042568,7.5
tt1645089,8.3
tt0460829,7
tt0494238,6.1
tt1791528,6.7
tt0361748,8.3
tt2215151,8.1
tt0367882,6.2
tt1375666,8.8
tt1637688,6.7
tt1226774,7.5
tt0409379,6.2
tt0385017,7.7
tt0388125,6.5
tt0780536,7.9
tt2294677,6.7
tt1253864,6
tt0314063,6
tt1959409,6.3
tt3236120,6.7
tt1760967,7.1
tt2048770,6.1
tt1355630,6.8
tt0387808,6.6
tt0309698,7.3
tt0438097,6.8
tt1080016,7
tt1667889,6.6
tt2100546,6.5
tt1242432,6.3
tt0343818,7.1
tt2884206,7.4
tt0762107,6
tt1045772,6.6
tt1155056,7
tt2133239,6
tt2526846,6.7
tt0277027,7.6
tt1464540,6.1
tt0480249,7.2
tt4008652,7.2
tt1435513,6.7
tt1727300,6.2
tt0986233,7.6
tt0970179,7.5
tt0892769,8.1
tt1646971,7.8
tt1276962,7.7
tt0251127,6.4
tt0170016,6.1
tt1894476,6.5
tt3504048,6.8
tt0315983,7.6
tt1464539,6
tt0251736,6.1
tt2094018,6.5
tt0415856,6.3
tt0837562,7.1
tt0395169,8.1
tt1231587,6.4
tt0787475,6.7
tt0425112,7.9
tt0340163,6.6
tt0451079,6.8
tt1499658,6.9
tt2170439,6.3
tt1535438,6.3
tt2312718,6.5
tt2051894,6
tt2224026,6.7
tt0465494,6.3
tt0975645,6.8
tt0386588,6.6
tt2097307,6.1
tt1964773,6.1
tt0317648,6.7
tt1001508,6.4
tt1212419,6.5
tt1648179,6.4
tt1267297,6
tt1798709,8
tt2063666,6.2
tt3186318,6.1
tt0411477,7
tt0167190,6.9
tt1626146,7
tt3687186,6.6
tt2463512,6.2
tt0251114,6.3
tt0433387,6.9
tt0241527,7.6
tt0304141,7.8
tt0373889,7.5
tt0417741,7.6
tt0330373,7.7
tt1201607,8.1
tt0926084,7.7
tt0295297,7.4
tt1289406,7.2
tt0366551,7.1
tt0481536,6.6
tt0424136,7.1
tt1481572,6.8
tt0366548,6.5
tt1428538,6.1
tt0367959,6.2
tt0212985,6.8
tt0993842,6.8
tt0448157,6.4
tt0373883,6.1
tt0427327,6.7
tt1028532,8.1
tt2015381,8.1
tt1661382,6.4
tt1375670,6
tt0421206,6.9
tt1234654,6.1
tt0947810,6.8
tt0385002,7.5
tt1683043,6.8
tt1454468,7.8
tt1703199,6.1
tt0456554,7
tt1205489,8.1
tt0772168,6.8
tt1525366,6.3
tt1456635,6.8
tt1920945,7.2
tt3297330,6.4
tt0187078,6.5
tt2267998,8.1
tt0452623,7.7
tt1322312,6.3
tt0831387,6.4
tt2920808,6.1
tt1860238,6
tt2141751,6.4
tt1912398,7.2
tt0377981,6
tt0172495,8.5
tt0335119,6.9
tt0210070,6.8
tt1657510,6.5
tt0162346,7.4
tt1880209,6.5
tt1567609,7
tt0425061,6.5
tt2473602,6.9
tt1226229,6.4
tt2561572,6
tt0262432,7.4
tt2205904,7.1
tt2429074,6
tt0333766,7.5
tt1321870,6.7
tt0217505,7.5
tt1848902,7.4
tt2713180,7.6
tt2820852,7.2
tt1201167,6.3
tt0369441,6.1
tt2334649,7.5
tt2294629,7.5
tt1323045,6.2
tt0870111,7.7
tt2510028,6.6
tt1179034,6.5
tt0120681,6.8
tt1438176,6.4
tt1720616,6.2
tt1632708,6.6
tt0390022,7.3
tt0186151,7.4
tt2414766,6.8
tt0463998,7.5
tt0938305,6.3
tt0893402,6.2
tt1142977,7
tt1605717,7
tt0264616,7.3
tt0488120,7.2
tt1772270,6.2
tt1100089,7
tt1341167,7.3
tt0430105,6.9
tt1567233,7.8
tt0800039,7.2
tt2112152,7
tt1286537,7.8
tt2381941,6.6
tt1541160,6.4
tt0454824,6.5
tt0817177,7.7
tt0408790,6.3
tt0377062,6.1
tt1907668,7.3
tt0780516,6.8
tt0418689,7.1
tt1238291,6.7
tt1083456,6.2
tt2714900,7.7
tt0308644,7.7
tt0266543,8.1
tt0385700,7.3
tt0173840,6.4
tt0195714,6.7
tt0309593,6.2
tt1450321,7.1
tt2417154,8.3
tt0332047,6.2
tt2402603,6.1
tt0800027,6.7
tt1721677,7.8
tt1433108,6.5
tt1905041,7.1
tt1013752,6.6
tt1596343,7.3
tt0432283,7.8
tt0489049,6.6
tt2258345,6.2
tt0432402,6.4
tt0477302,6.9
tt1528100,6
tt1984153,6.1
tt1258197,6.9
tt0470752,7.7
tt0251075,6.1
tt1288558,6.5
tt1531663,6.4
tt0780511,7.1
tt0356150,6.6
tt2051879,6.5
tt0338013,8.3
tt1211956,6.7
tt1645155,6.1
tt0238380,7.5
tt0848537,6.7
tt2390361,7.1
tt0215750,7.6
tt2316411,6.9
tt2318092,6.3
tt1731141,6.7
tt1855199,7.6
tt2103264,6.5
tt1535108,6.6
tt2113659,6.5
tt0414055,6.9
tt0319343,6.9
tt0397313,7.3
tt1631867,7.9
tt1226273,6.6
tt1734433,6.7
tt1282140,7.1
tt0765443,7.7
tt1059786,6.6
tt1135487,6.2
tt0134630,6
tt1231583,6.6
tt0780504,7.8
tt2265398,6.1
tt1714833,6.3
tt1343727,7.1
tt1462041,6
tt2911342,6.4
tt1127180,6.6
tt2223990,6.8
tt0829150,6.3
tt0918927,7.5
tt1235124,6.3
tt3850214,7.2
tt0483607,6
tt1308756,6.9
tt0260866,6.3
tt0246578,8.1
tt2229499,6.6
tt0421054,6
tt2402105,6.2
tt1564349,6.9
tt2978462,6.4
tt0364725,6.7
tt2481248,6.4
tt1853728,8.4
tt1840309,6.7
tt0486822,6.9
tt1136608,8
tt1433811,7.6
tt2532528,7.5
tt0338096,6
tt0130623,6.5
tt3090252,7.2
tt0246460,6.1
tt2023453,6.3
tt1196141,6.2
tt0804463,6.1
tt1314655,6.2
tt1683526,7.7
tt1323594,7.7
tt1690953,7.4
tt0398017,6.6
tt2387559,6.4
tt2377322,6.2
tt0453467,7
tt0832266,7.2
tt1034303,7.2
tt2332883,6.8
tt1464191,6.3
tt0804461,6.8
tt0452608,6.4
tt1028528,7.1
tt1384927,7.1
tt0795368,7.4
tt2235108,6.2
tt0989757,6.3
tt1667310,6.3
tt0455760,6.2
tt0419677,7.7
tt2101341,6.5
tt1986806,6.9
tt1581835,6.4
tt0433362,6.5
tt2103281,7.6
tt0363547,7.3
tt1279935,6.3
tt2387433,6.3
tt1077368,6.2
tt2402101,6.2
tt1772288,7
tt0480242,6.8
tt0790636,8
tt0284978,6.8
tt1661820,6
tt0381971,6.5
tt2390237,6.2
tt1954352,6
tt1570728,7.4
tt0375679,7.8
tt1121931,6.2
tt0479884,7
tt0409847,6
tt1630036,7
tt0121164,7.4
tt3788052,6.8
tt1372686,6.2
tt0327597,7.7
tt1524137,6.5
tt1598778,6.6
tt0360486,7
tt0270288,7.1
tt1971352,6.4
tt2965412,6.8
tt1465533,6
tt1657507,6.4
tt0369339,7.5
tt2198956,6.4
tt0159365,7.2
tt1179031,6.8
tt2866360,7.2
tt2119396,7
tt0380268,7.9
tt0393162,7.3
tt1060277,7
tt0844471,7
tt1985966,6.4
tt2452254,6.7
tt1371111,7.5
tt0376541,7.3
tt2218003,6.2
tt0389860,6.4
tt0424345,7.4
tt2279864,6.5
tt1598873,6.3
tt0970411,6.5
tt0212879,6.3
tt1792647,6.8
tt0352248,8
tt1661199,6.9
tt1706593,7.1
tt0241303,7.3
tt1352824,6.3
tt1424310,6.1
tt1222815,7.2
tt0206634,7.9
tt0120630,7
tt0299658,7.2
tt2883512,7.3
tt1629757,7.2
tt1579361,7.8
tt0472062,7.1
tt1438254,6.5
tt1196948,6.4
tt0367594,6.7
tt1823672,6.8
tt0460745,6.7
tt0402910,6.5
tt0264472,6.5
tt0824747,7.8
tt1487118,6.3
tt1989475,6.4
tt1621046,6.4
tt1020558,6.4
tt0337921,6.5
tt1664894,7.4
tt0264464,8.1
tt2368669,7
tt0162222,7.8
tt0381061,8
tt1194417,6.2
tt0795351,6.2
tt0317219,7.1
tt1216475,6.2
tt1692486,7.2
tt1535109,7.8
tt1843866,7.8
tt0458339,6.9
tt0379725,7.4
tt0424880,7.3
tt2994190,6.9
tt2234003,7.4
tt3442006,6.4
tt1531901,6.5
tt1570559,6.5
tt0887883,7
tt1126591,6.4
tt1462758,7
tt0315327,6.7
tt0765010,7.1
tt0222851,7.2
tt1210042,6.7
tt1172570,7.1
tt1235522,6.2
tt1441940,7.3
tt0388795,7.7
tt0204946,6
tt0398808,7.2
tt1478338,6.8
tt0393109,7.4
tt1999987,6.4
tt1217209,7.1
tt1990181,6.1
tt1065073,7.9
tt3302706,6.7
tt1560139,7.5
tt1781781,6.1
tt1680059,7.6
tt0443453,7.3
tt0397892,6.9
tt0758774,7.1
tt1120985,7.4
tt2359024,7.1
tt2334873,7.3
tt0221027,7.6
tt1747958,6.5
tt0275230,6.7
tt0450259,8
tt0346631,6.7
tt1297919,6.2
tt0861689,6.6
tt1086772,6.5
tt0445934,6.3
tt0187738,6.7
tt1629705,6.6
tt0947798,8
tt0462200,7
tt2883434,6.6
tt0265086,7.7
tt1190536,7.4
tt2562232,7.7
tt1151309,7.6
tt1430615,6.5
tt2245084,7.8
tt0319061,8
tt1126590,7
tt2236482,7.4
tt3125324,6.9
tt2468638,6.9
tt1776086,7.1
tt1885300,6.4
tt1704573,6.8
tt0442933,6.2
tt2313896,6.2
tt1418646,7.1
tt2404181,7.4
tt0455323,6.4
tt1291580,7
tt0159273,6.4
tt1532503,7.2
tt1980929,7.4
tt0381681,8.1
tt0247196,7.3
tt2209418,7.9
tt1726592,6.3
tt0486551,6.3
tt0389790,6.1
tt0960731,6.1
tt0230030,6
tt1559547,6.2
tt0799934,6.4
tt1704292,7
tt0266308,7.7
tt1672723,7.4
tt1569923,8.1
tt2166834,8.4
tt2313197,8
tt0346578,6.7
tt0372784,8.3
tt3139086,7.5
tt0264395,6.5
tt2355495,6.6
tt0281634,6.2
tt0423849,6.5
tt3164198,6.2
tt2170299,6.7
tt0307987,7.1
tt1095217,6.6
tt0172156,6.6
tt0449467,7.5
tt0499549,7.8
tt1971325,6.1
tt0455824,6.6
tt0295178,6.2
tt1985019,6.3
tt0426931,7.5
tt1322269,7.2
tt0259127,6.7
tt1478964,6.6
tt0230011,6.8
tt0375568,6.3
tt2368553,6.1
tt0398712,6.3
tt2902898,6.2
tt2870612,6.2
tt1430607,7.1
tt0344854,6
tt1024648,7.7
tt1764183,6.6
tt3638012,6.6
tt0800308,6.8
tt2066176,7.5
tt0870984,6.6
tt2361700,7.6
tt1549572,7
tt1521197,6.9
tt1781769,6.6
tt1715336,6.5
tt0305224,6.2
tt0808151,6.7
tt0357413,7.2
tt1229340,6.3
tt0350261,7
tt4046282,6.9
tt2663812,8.3
tt3139538,6.2
tt2179136,7.3
tt1605630,6.7
tt0144084,7.6
tt1800241,7.3
tt0765429,7.8
tt0280653,7.3
tt2404171,6.8
tt0426883,6.9
tt0164334,6.3
tt0433771,6.5
tt0181875,7.9
tt1699114,7
tt2593392,8.2
tt1014759,6.5
tt0248667,6.8
tt1698641,6.2
tt0469021,6.9
tt2388637,6.4
tt0212720,7.1
tt1186830,7.2
tt1223236,7.6
tt1091722,6.8
tt2103267,6.2
tt0268126,7.7
tt1591479,6.5
tt0445922,7.4
tt2194499,7.8
tt1826590,6.1
tt2667918,6.4
tt0276751,7.1
tt0281358,7.4
tt0365907,6.5
tt1268799,6.3
tt0405296,7.1
tt0971209,6.5
tt1972571,6.8
tt2937898,7
tt2557490,6.1
tt2276069,6.1
tt0266465,6.1
tt0391304,6.6
tt0458413,6.4
tt1422136,6.3
tt1440161,6.3
tt0183790,6.9
tt0399146,7.5
tt0401445,7
tt1117386,6.1
tt1571222,6.5
tt1067106,6.8
tt3149038,7.2
tt0268978,8.2
tt0472033,7.1
tt0298203,7.1
tt2614684,7.2
tt1179069,6.1
tt1975249,6.1
tt1306980,7.7
tt1022603,7.7
tt0343660,6.8
tt1335975,6.3
tt0453562,7.5
tt1680045,6.2
tt0381849,7.7
tt1253863,6.2
tt0416449,7.7
tt1622547,6.1
tt0389722,6.6
tt2172934,6.2
tt0463854,7
tt0289043,7.6
tt0988595,6.1
tt2294449,7
tt1167638,6.7
tt1232829,7.2
tt0315733,7.7
tt0478087,6.8
tt2920540,7.5
tt1272878,6.7
tt0974661,6.4
tt0450232,6.6
tt0450385,6.8
tt2059171,6.3
tt0798817,6.1
tt2024544,8.1
tt2290065,6
tt1715873,6.1
tt1536537,6.9
tt2241676,7.2
tt5882982,6.9
tt2654572,6.1
tt7357302,7.7
tt3097956,7
tt4978274,6.1
tt4669986,7
tt1880399,6.8
tt2815902,6.2
tt3278330,6.4
tt3127902,7.7
tt0317248,8.6
tt7451284,5.8
tt0161081,6.6
tt3735216,8.2
tt1905071,6.2
tt0245429,8.6
tt0437777,6.8
tt0261983,6.5
tt2896898,7.6
tt1699518,6.6
tt3244786,6.2
tt3741632,6.6
tt5547910,5.5
tt6243274,5.2
tt1799516,6.4
tt0364569,8.4
tt1825683,7.5
tt0405094,8.4
tt1827487,7.8
tt5598100,7.4
tt6752848,7.4
tt5074352,8.5
tt1675434,8.5
tt5152640,5.8
tt6086082,5.4
tt0308152,6.7
tt2385752,5.9
tt1187043,8.4
tt0986264,8.4
tt0211915,8.3
tt5613402,6.1
tt2704998,7.1
tt5397194,6
tt0896522,6.5
tt2106476,8.3
tt1832382,8.3
tt2873282,6.6
tt5340300,7.3
tt2322441,4.1
tt4477536,4.4
tt6892206,5.9
tt4701724,6.2
tt3799232,6.5
tt6738136,6.4
tt2331100,6.4
tt6173488,6.7
tt6964896,6.1
tt5639354,7.3
tt5253282,6.7
tt5775194,6
tt5584796,6.9
tt3548276,6.6
tt5634088,5.8
tt2246565,7.5
tt5723272,7.1
tt2368672,7.1
tt2557478,5.7
tt4215766,6.6
tt2473476,8.7
tt2380207,7.1
tt1711016,6.7
tt6340604,6.1
tt4135326,6.3
tt2508258,6.4
tt5370442,7
tt4323572,5.1
tt3118696,6.5
tt5473090,5.8
tt7297960,6.7
tt3721964,6
tt5649108,7
tt1137450,6.4
tt5929750,6.1
tt3371366,5.2
tt1469304,5.6
tt2094766,5.8
tt4465564,4.6
tt1293847,5.2
tt2345759,5.5
tt2304933,5.2
tt1617661,5.3
tt2592614,5.6
tt3717252,5.8
tt1472584,4.6
tt1648190,5.7
tt2120120,5.6
tt2096672,5.6
tt2109248,5.7
tt1981128,5.4
tt2398241,5.9
tt2923316,5.2
tt2638144,5.7
tt2072233,5.6
tt5726086,5.7
tt3401882,5.6
tt2231253,5.6
tt2474976,5.7
tt1959490,5.8
tt2387499,5.9
tt4877122,3.1
tt1711525,5.8
tt2869728,5.9
tt3095734,5.7
tt4287320,5.3
tt4669186,5.8
tt4547120,2
tt1121096,5.5
tt3322940,5.4
tt4667094,3.5
tt4652532,5.3
tt4694544,5.3
tt1291150,5.8
tt1860213,5.9
tt2461150,5.8
tt0498381,4.5
tt1956620,5.1
tt2401097,5.6
tt2932536,5.7
tt3707104,5.9
tt1854564,5.9
tt1951261,5.9
tt1099212,5.2
tt1628841,5.2
tt2126235,5.7
tt3280262,5.2
tt1583421,5.8
tt3247714,5.6
tt3829170,5.2
tt3480796,4.2
tt3348730,5.8
tt3181822,4.7
tt2032572,5.2
tt3501112,5.7
tt1606378,5.3
tt1666185,5.8
tt1243974,5.4
tt3605418,4.9
tt4581576,5.7
tt2058673,5.3
tt2474972,4.8
tt4799050,5.2
tt3486626,5.3
tt2822672,5.9
tt1921064,5.5
tt3708886,5.8
tt1458169,5.9
tt3203616,5.8
tt1325004,5
tt4986098,4.9
tt5770430,5.2
tt3416828,5.7
tt1324999,4.9
tt3045616,5.5
tt2974918,5.1
tt6836772,3.4
tt2334871,4.4
tt2679042,5.7
tt2637294,5.1
tt2191701,5.4
tt2184339,5.7
tt1780798,5.7
tt1043726,4.2
tt4481514,5.6
tt0790736,5.6
tt1939659,5.9
tt6359956,5.5
tt1540011,5
tt0322259,5.9
tt2017020,5.4
tt1418377,5.1
tt4937564,4.4
tt5610626,5.2
tt1538403,5.9
tt1821658,5.8
tt2290553,5.4
tt4019560,4.3
tt1758810,5.1
tt2039338,5.2
tt5884234,4.9
tt4536768,5.6
tt1321869,4.5
tt3411432,5.8
tt1815862,4.9
tt1798603,5.6
tt3733774,5.4
tt1691917,5.7
tt2358925,5.4
tt6217804,3.6
tt2717822,5.4
tt6014472,4.4
tt2515034,5.8
tt6951892,4.2
tt1823664,5.3
tt4520364,5.8
tt1259571,4.7
tt1131724,5.7
tt2938956,5.2
tt5460530,5.2
tt1705952,4.8
tt4573516,5.9
tt1502712,4.3
tt4438848,5.7
tt1724970,5.3
tt0814255,5.9
tt4030600,4.3
tt3462710,5
tt1389072,5.7
tt3503840,4.5
tt2193215,5.3
tt5456798,5.4
tt1935194,5.4
tt3332064,5.8
tt5352846,5.3
tt1133985,5.6
tt2720826,5.3
tt2357129,5.9
tt2106361,5.8
tt5034474,4.6
tt4915672,4.9
tt4587366,5.5
tt1564777,5.5
tt5843838,5.2
tt3481634,5.2
tt2782844,5.5
tt1397514,5.8
tt4795124,5.9
tt6336270,5.6
tt1284575,5.6
tt3797142,3.5
tt5325452,4.6
tt5442456,5.7
tt1204977,4.5
tt4269746,5.6
tt1855325,5.4
tt2024432,5.7
tt2548396,5.6
tt1945084,5.1
tt4556370,4
tt0795461,3.5
tt4418398,4.9
tt0472181,5.5
tt1621039,5.9
tt5322012,5.1
tt2597768,5.7
tt6556890,5.9
tt1742334,5.7
tt4074928,5.9
tt2933474,4.1
tt7312940,4.3
tt1477076,5.6
tt1711425,5.9
tt3531202,5.8
tt3141912,4.7
tt6802308,5.1
tt1220634,5.9
tt2351392,1.7
tt6977240,5.5
tt2802136,5.4
tt5669936,4.7
tt4129870,5.8
tt6932084,3.9
tt2101441,5.3
tt6946580,5.6
tt2237324,6.3
tt1517260,5.9
tt2325977,5.2
tt1430612,5.7
tt5607028,5.9
tt1686821,5.5
tt5904244,4
tt1731701,5.4
tt2339741,4.9
tt2234429,5.9
tt1412528,5.8
tt1389139,4.9
tt2918436,5.2
tt5781798,5.2
tt1552224,4.6
tt2467046,3.1
tt2364841,5.6
tt5044656,4.2
tt2193265,5
tt6735670,2.2
tt2326612,5.9
tt5767628,4.3
tt4519400,3.2
tt2401807,5
tt1509767,5.8
tt3844876,5.8
tt1440129,5.8
tt0765446,5.9
tt6215044,2.3
tt2304953,5.7
tt5464234,4.9
tt3462696,2.8
tt5493706,3.7
tt2328490,2.7
tt3402880,3.6
tt1321511,5.8
tt1594972,3.6
tt4386242,5.8
tt5167934,4.4
tt3138344,5.4
tt1622979,5.9
tt3567666,4.8
tt3722614,5.2
tt5851014,4.9
tt5770864,5.3
tt0491175,5.6
tt3352390,5.3
tt5689068,4.7
tt1190080,5.8
tt3343136,2.7
tt1762399,5.2
tt3330764,5.7
tt1085492,4.6
tt5470222,3.5
tt2980708,5.4
tt1758795,5.8
tt3625152,4.4
tt4950110,5.7
tt2167202,4.4
tt2620590,5
tt2752772,5.3
tt3030354,3.8
tt2171867,5.2
tt1274586,4.4
tt6055082,4
tt2828996,4.7
tt2461520,5.9
tt2945796,5
tt4720702,5.2
tt4662420,5.7
tt3835080,5.1
tt3910736,4
tt2990126,5.7
tt0163025,5.9
tt6685596,5.6
tt3317234,5.4
tt2376218,5.7
tt1646987,5.7
tt6821012,5
tt3491962,5.4
tt2103254,4.9
tt2183034,5.8
tt2403029,3.3
tt4463816,5.2
tt6466464,5.4
tt1183374,5.7
tt1966359,5.3
tt1270114,5.2
tt2679552,5.4
tt2239832,5.8
tt3102206,3.2
tt2066048,4.1
tt3327624,5.4
tt3305308,5.9
tt1544608,5.2
tt2136808,2.9
tt1608290,4.7
tt3210686,5.7
tt4587656,5.8
tt2182972,5.8
tt1929263,5.8
tt7448180,5.4
tt4768656,5.7
tt1308729,5.7
tt1160996,5.3
tt0286716,5.7
tt1928340,5.7
tt2473682,5
tt3216348,5.2
tt3177316,5.7
tt1568343,5.6
tt3522806,5.7
tt3300542,5.9
tt5752606,5.9
tt0486576,5.6
tt1629242,5.6
tt5208950,5
tt2918606,5.4
tt1935897,4.9
tt0359013,5.9
tt3266284,5.3
tt3113696,5.2
tt5091530,5.7
tt0395699,5.6
tt2654124,5.3
tt4065340,4.3
tt3622332,4.4
tt0800320,5.8
tt5813366,5.2
tt1974420,5.7
tt1615918,4.4
tt5788136,4.1
tt0295701,5.9
tt0790628,5.9
tt2963232,5
tt1289401,5.3
tt1480295,5.4
tt4054654,4.6
tt2393845,5.9
tt2992552,4.6
tt2238032,5.7
tt2088950,5.6
tt5848714,4.5
tt1572506,2.6
tt5327922,5.4
tt1592873,4.4
tt3499424,4.3
tt6179746,5.7
tt1403241,5.3
tt2002718,5.6
tt6231588,2.5
tt1611224,5.9
tt4518260,5.3
tt0370263,5.6
tt3894312,3.7
tt2062700,5.7
tt1402488,5.9
tt0938330,5
tt2101570,5.8
tt2420166,5.5
tt5161376,3.8
tt1413495,5.7
tt0120667,5.7
tt4530884,5.2
tt4557208,3.8
tt4118606,4.3
tt3784652,4.7
tt0146316,5.8
tt2474024,5.9
tt5721088,4.1
tt1781058,5.8
tt2198241,4.7
tt2923088,4.8
tt5829040,5
tt3705822,5.2
tt3692652,4.5
tt4244162,5.9
tt2960930,5
tt2350892,5.8
tt4126568,4.1
tt1078912,5.9
tt2230358,5.6
tt2948078,5
tt2417712,5.8
tt2799166,4.6
tt1572315,4.8
tt4076164,4.6
tt3125220,5.8
tt3148348,5.7
tt3319920,5.7
tt2005363,5.9
tt3053228,3.4
tt2717318,4.6
tt1487931,5.7
tt1333125,4.3
tt3181898,4.3
tt1785669,3.4
tt3280916,5.5
tt1107812,3
tt2893780,5.3
tt1709143,5.5
tt1366338,5.6
tt0890870,5.9
tt4578118,4.8
tt6083648,4.5
tt3658772,5.3
tt2075318,5.6
tt2556114,5.8
tt1132626,5.8
tt7204400,2.4
tt0259324,5.2
tt2726552,5.2
tt1046173,5.8
tt3033080,3.2
tt0329774,4.4
tt3893280,5.3
tt1502404,5.4
tt2784936,5.9
tt4334266,5.3
tt0132245,4.5
tt4255304,5.8
tt2295722,5.8
tt3203620,4.5
tt3165630,5.1
tt2268433,3.9
tt0859163,5.2
tt4334642,4.6
tt5866930,5.7
tt2112096,5.4
tt1258972,5.4
tt2364897,3.9
tt2361184,5.4
tt6360332,4.1
tt1602613,5.7
tt0411705,4.8
tt6210996,4.8
tt2582500,4.7
tt1403862,5.8
tt2011159,5.6
tt1217613,5.8
tt3976144,5.4
tt2392748,5
tt8095034,5.3
tt2244901,5.7
tt2544734,4.7
tt1160368,5.6
tt4189494,5.5
tt5629524,4.7
tt4685806,3.6
tt2996648,5.6
tt2375779,4.1
tt1545754,5.3
tt0414982,5.8
tt5156910,2.5
tt0480687,5.9
tt2788716,5.9
tt1988591,5.5
tt1878942,5.8
tt1298649,5.7
tt1071875,4.3
tt2140037,5.9
tt2784134,2.8
tt5616294,5.5
tt2369396,5.5
tt1540741,5.8
tt3011960,5.2
tt3387542,4.8
tt2175947,3.5
tt2517658,5.9
tt7963218,1.7
tt0339736,5.5
tt3082898,4.9
tt5162658,5.7
tt3740242,4.8
tt6536944,5.8
tt4938374,5.1
tt2479478,4.8
tt1931435,5.6
tt2333508,3.4
tt1967614,5.8
tt3563262,5.4
tt0960144,5.5
tt2298274,2.4
tt4011010,4
tt6572702,4.7
tt6204340,5.3
tt6087426,5.3
tt2967226,4.3
tt1901024,5
tt1234719,5.4
tt3286560,4.7
tt0431021,5.9
tt1532958,5.1
tt2667380,5.7
tt5555554,2.5
tt6574272,5.2
tt2179027,4.5
tt5810122,4.4
tt3735554,4.7
tt2572632,5.9
tt5143890,4
tt6293042,5.9
tt1294226,5.9
tt5420886,5.8
tt4776564,4.4
tt2132285,5.6
tt2091325,4.5
tt2996684,4.8
tt3896100,5.9
tt5688868,4.9
tt4030442,4.8
tt2193418,4.5
tt4715356,5.7
tt4257950,4.3
tt3480556,4.7
tt2345567,5.9
tt0287978,5.3
tt2282016,5.7
tt2114504,4.2
tt6675400,4.7
tt0443205,6.6
tt2191332,7.1
tt3512160,7.1
tt0892899,5.9
tt3850496,6.6
tt5622412,5.2
tt3859310,5.9
tt1285009,5.4
tt0295725,5.5
tt4126694,5.8
tt8362516,6.8
tt3899070,5.1
tt1493842,5.5
tt1726738,6.2
tt4565400,5.1
tt4061196,6.3
tt8083622,6.4
tt7388562,6.8
tt2582784,5.8
tt4799066,6.4
tt5698320,6
tt0408664,8.1
tt0832318,5.7
tt2075352,7.1
tt7026672,6.2
tt2923780,5.1
tt7966994,5.2
tt5798330,6
tt5739900,6.1
tt5851786,5.8
tt3946960,6.7
tt0840406,6.7
tt3319730,6
tt3341084,5.9
tt3780500,6.7
tt6450186,7.4
tt2239876,6.7
tt2349296,6
tt4184494,7.6
tt3906082,6.2
tt6788942,7.7
tt6138228,5.4
tt0243133,7.6
tt4176776,5.6
tt7722000,6
tt5089534,6.3
tt7153766,6.6
tt5164432,7.9
tt3709552,5.3
tt1365519,6.5
tt1468387,6.6
tt5813916,9.5
tt6737766,7.5
tt7209510,7.3
tt2931194,7.8
tt3685236,5.1
tt5897636,7.2
tt5651338,5.7
tt5286432,6.5
tt5165878,8.6
tt4738802,5.6
tt4594836,5.8
tt3463106,5.4
tt5240258,5.3
tt6170804,5.5
tt1966566,5.6
tt2249081,5.6
tt5788462,5.9
tt3592750,5.3
tt0469519,5.9
tt0403217,5.8
tt7969140,5.1
tt5532370,5.4
tt5654600,6
tt0810823,5.6
tt6566830,5.1
tt6456222,5.3
tt4797436,5
tt5040202,5.3
tt6744044,5.7
tt5641542,5
tt4779026,5.5
tt2948160,6.5
tt1316622,5.3
tt3458510,5.2
tt5639898,5.4
tt2560792,5.4
tt0311289,7.1
tt4712516,5.1
tt4794544,6.2
tt3638960,8.1
tt6212934,8.1
tt3447810,7.5
tt5991206,6.6
tt4901756,5.5
tt6338476,6.8
tt8179218,7.2
tt5466186,5.8
tt8324578,6.1
tt3792884,5.7
tt5453522,5.3
tt4023894,5.7
tt4063178,6.2
tt0271946,5.9
tt0279887,6.8
tt2948530,5
tt2529132,7.4
tt3410054,8
tt5688996,6.4
tt4607722,5.7
tt2782692,6.7
tt5360952,5
tt2231461,6.5
tt1677720,7.7
tt0492044,5.9
tt6195094,6.5
tt3739110,6
tt5580602,5.1
tt4669264,6.5
tt4180556,5.4
tt6147260,6.4
tt6654316,7.2
tt5304992,6.6
tt5795086,5.9
tt3300980,7.5
tt6063050,5
tt6135348,7.5
tt5104604,8.2
tt6367558,6.2
tt2531344,6.7
tt0496634,6.3
tt1496005,6.6
tt0454084,6.1
tt4538916,6.7
tt5619332,5.5
tt6218358,7.6
tt3822818,7.2
tt3127022,6.5
tt5360996,6
tt0488905,7.7
tt6423776,6.1
tt6014904,5
tt4323568,5.2
tt4907976,5.4
tt3303310,7.9
tt6298600,6.9
tt5436228,5.5
tt6958212,7.2
tt3327994,8.7
tt6071534,6.7
tt6644200,7.9
tt0418773,7
tt3392740,6.4
tt6143850,7.1
tt6164762,6.7
tt3079380,7
tt5973032,6.4
tt4929038,6.4
tt5059782,6
tt4049956,6.6
tt4414438,5.4
tt5378092,6.7
tt5700176,5.8
tt3896102,6.1
tt4682788,6.2
tt7279180,6.6
tt4652650,6.7
tt7048622,7.8
tt5000724,7.5
tt5176442,5
tt3683072,6.1
tt3368814,6
tt3877092,5.4
tt4016588,6.7
tt1743360,6.7
tt6008686,6.3
tt1034405,5.1
tt3665498,5.9
tt1563742,5.6
tt6494418,5.9
tt1884378,6
tt6054874,6.3
tt5246700,5.6
tt1027762,5.8
tt1884457,5.1
tt6197028,7.2
tt8398704,6.4
tt2551516,6.8
tt6802896,7
tt6541512,6.4
tt0339135,6.3
tt0324133,6.8
tt0368688,5.2
tt0464038,6.8
tt2707810,5.5
tt0265298,5.4
tt0479354,7.3
tt5954892,5.5
tt4026570,7.3
tt2243123,6.6
tt0466875,5
tt0468644,7
tt5222768,6.9
tt5670152,6.7
tt3986820,6.6
tt4537986,5.3
tt3576728,8.5
tt5729348,7
tt4432006,6
tt4762824,5.5
tt6137494,5.2
tt5360018,5.1
tt0420087,6.8
tt5198670,5.7
tt6217608,7.6
tt2171901,6.3
tt1666700,5.5
tt6108178,6.7
tt0859635,6.4
tt6148782,6.3
tt6958014,5.3
tt3465456,5.4
tt7427856,7.2
tt0283139,7.2
tt8167872,6.8
tt3620846,5.1
tt4065414,7.5
tt1523987,5.8
tt1313104,8.5
tt6964172,6.8
tt5836262,5.7
tt5956100,6.2
tt0384642,5.6
tt0783238,6.7
tt6078840,7.3
tt6157626,6.2
tt5270948,6.6
tt5591666,5.7
tt4602066,6
tt4357394,5.7
tt5460880,6.7
tt1371630,6.9
tt1707818,7.6
tt1907707,6
tt3136112,6.5
tt6791096,5
tt6917242,6.5
tt6599742,6.1
tt0384286,5.9
tt3710966,5.8
tt1362141,5.9
tt6793280,5.2
tt5540992,5.1
tt7256866,5.2
tt4940416,5.2
tt6774786,5
tt4080956,7
tt6679412,6.3
tt3398808,6
tt8033592,7.2
tt5610554,7.2
tt8638420,8.2
tt0283003,6.8
tt0236493,6.1
tt3354222,6.5
tt7689966,8.2
tt3445702,6.4
tt8015080,5.7
tt5216022,5.1
tt5516328,6.6
tt5179598,5.6
tt5004766,7.4
tt6826438,8.4
tt4967220,6.3
tt3711510,6.3
tt0274812,7
tt3863632,7.1
tt8697266,6.6
tt7137846,5
tt5061564,5.5
tt0780608,5.8
tt5873216,5
tt6140580,5.7
tt5457078,6
tt4010848,5.6
tt3416536,6.6
tt3457508,6.1
tt0472043,7.8
tt2888046,7.1
tt4217392,5.2
tt5001718,6.4
tt5954284,6.5
tt6399158,7
tt6010628,6
tt4807272,5.3
tt1109583,5.3
tt0402743,5.1
tt3302962,5.6
tt1920885,7.2
tt6173346,5.9
tt6401004,5.7
tt8066972,6.9
tt2631186,8.2
tt0314353,6.6
tt0454945,6.4
tt5022702,6.6
tt5073620,5.6
tt4849438,8.4
tt2278871,7.8
tt3042408,7.6
tt1243957,6
tt5254868,5.8
tt0258000,6.8
tt6039294,5.8
tt5463088,7.3
tt3175038,6.5
tt7974234,6.1
tt7026370,5.3
tt5278506,7.6
tt2018069,5.4
tt4207196,5
tt0475293,5.3
tt6883152,5
tt8106576,7.9
tt3201640,5.9
tt0381707,5.5
tt3967856,7.4
tt0390384,6.9
tt5935704,7
tt1667321,6.4
tt2173248,5.5
tt8301054,6.7
tt6053438,7.7
tt5361596,5.7
tt1588878,5.2
tt2106651,6.3
tt0286112,7.3
tt2820466,8.2
tt4016934,8.1
tt4225622,6.3
tt0363163,8.2
tt4154756,8.7
tt3704700,6.6
tt4686862,5.7
tt4106376,5.4
tt6097798,6.2
tt0456144,8.1
tt5605076,7.1
tt6929642,7.3
tt3203528,6.3
tt5566790,6.8
tt8176578,6.7
tt1289403,7
tt5253754,7.3
tt7549452,6.6
tt5314118,7.4
tt3696126,5.7
tt5427194,6.3
tt5636922,5.1
tt3139072,6.7
tt3748172,6.6
tt0425123,6.7
tt2088003,5.4
tt5463162,8
tt0269743,7.1
tt0255067,7.4
tt0171359,6
tt0338467,6.1
tt0222812,5.9
tt1440266,7.7
tt5078188,5.3
tt2246953,6.6
tt0164212,6.5
tt6499752,7.7
tt8324576,5.9
tt0310778,6.9
tt0425430,5.4
tt3717068,7.7
tt3409848,6.8
tt6270524,6.3
tt5067958,5.1
tt0452598,5.5
tt1587828,6.1
tt6857166,6.2
tt2854926,6.8
tt0247638,6.3
tt0428803,7.6
tt5323662,8.2
tt5715410,6.1
tt0368933,5.8
tt4191054,5.8
tt6306064,6.7
tt7689964,7.5
tt6859352,5.4
tt2322641,6
tt1447972,5.9
tt6152554,7.7
tt4723724,5.8
tt6674318,6.5
tt7690670,5
tt3691270,7
tt5200368,5
tt1167611,7.2
tt8563704,6.3
tt0889588,7.1
tt0277941,6.5
tt0364343,6.2
tt0430779,5.8
tt1987028,5.1
tt2537176,5.7
tt1743993,5.4
tt1210106,5.4
tt2626460,5.1
tt3109830,7.3
tt5687380,5.9
tt0362590,6.2
tt0272020,6.9
tt4181782,5
tt3960240,5.6
tt5774450,6.7
tt2140629,5.9
tt0460890,6.3
tt7681902,8.7
tt4758646,6
tt0421994,6.8
tt5001754,6.1
tt0490086,6.2
tt0138749,6.9
tt6262764,5.6
tt0327084,6.7
tt0424095,6.6
tt0838221,7.2
tt6108090,8.1
tt0212346,6.2
tt0332136,7.2
tt0347149,8.2
tt0462538,7.3
tt3858372,7.2
tt0385307,5.1
tt3716530,7.2
tt7080434,5.4
tt5164214,6.3
tt7784604,7.4
tt4431254,6.2
tt1139111,5.7
tt0933064,6.2
tt0378230,6.2
tt0301526,5.9
tt0267657,6
tt0345543,5.9
tt4872078,6.1
tt2182256,5.8
tt7218518,8.1
tt4790268,6.4
tt0498380,7.9
tt0293815,5.8
tt6505968,6.9
tt6285672,5.7
tt3199006,6.3
tt7076834,7.2
tt5628302,7
tt7046826,5.4
tt3846674,7.6
tt6353036,5.5
tt5696326,5.9
tt2372251,5.2
tt4815122,6.6
tt1553659,6.9
tt7844166,6.2
tt6013156,5
tt6212478,7.1
tt5910344,6.1
tt6495770,5
tt3430548,7.3
tt5706876,7.5
tt6204018,7.3
tt7085842,5.4
tt7308198,7.9
tt6972372,6
tt7205208,7.3
tt7230148,5.7
tt4881806,6.4
tt3310896,5.5
tt5114154,6.2
tt0443489,6.5
tt8786466,7.3
tt6557356,5.3
tt8232232,6.8
tt5455410,6.6
tt5618752,6.7
tt6053938,5.6
tt0812243,7
tt0304636,6
tt1376709,6.1
tt1313092,7.3
tt6224502,5.5
tt7208564,5.4
tt4281724,5.9
tt0800361,5.7
tt1400526,5.2
tt0302585,7.1
tt1524131,5.3
tt0208298,7.2
tt0307385,8.1
tt1173687,7
tt3973724,7.7
tt1650056,5.7
tt2271327,6.2
tt1600207,6.3
tt1531914,5.2
tt2316479,5.1
tt7207238,7.8
tt7056864,5.8
tt3697626,7.2
tt0462362,5.5
tt0384504,7.5
tt5937964,6.8
tt0897347,5.7
tt0796302,5.7
tt0403455,6.1
tt5322136,6.7
tt7121252,6.5
tt4125654,6.1
tt0297462,7.1
tt7334528,5.7
tt7158430,7.1
tt5052474,7.3
tt5346228,6.8
tt6227846,5.9
tt1549589,5.7
tt6421118,6.3
tt4610378,7.1
tt4695548,7.5
tt6040662,6.7
tt3778644,7.1
tt1928329,6.2
tt6997574,6.1
tt5687334,6.7
tt6509058,6.1
tt5040624,6.1
tt6523174,5.8
tt6313348,7.1
tt3120280,6.3
tt7133686,6.8
tt7012864,6.4
tt4078252,7.9
tt6186696,5.3
tt1773753,5.2
tt7515456,6
tt6987770,6.2
tt4610748,5.1
tt5078204,7.4
tt5028598,5.2
tt0468489,7.2
tt0259741,5.9
tt6540078,6.1
tt0457419,6.2
tt7284066,5.4
tt3212904,5.4
tt6251024,6.9
tt5758778,6
tt5033290,5.3
tt6460276,5.8
tt0415949,5.4
tt6290798,6.2
